0.103735900,0.672784,0.000508065,0.0196899,0.00159111,-0.000566451,0.00135962,0.999998
0.829419900,5.87585,0.135187,0.0754638,-0.00209036,-0.00256707,0.016616,0.999856
1.555212000,11.6718,0.429756,0.135476,0.000576073,-0.00059577,0.0261942,0.999657
2.177280999,16.9499,0.768424,0.202998,-0.00329271,-0.00239588,0.0307327,0.999519
2.903084000,23.4301,1.20794,0.285633,-0.00286315,0.00307305,0.0318065,0.999485
3.628544999,30.1364,1.61641,0.334536,0.00150804,0.0028877,0.028373,0.999592
4.354201999,37.0701,2.05086,0.401035,0.00470902,0.00117079,0.0320268,0.999475
4.976146000,43.0457,2.47907,0.440209,0.000456259,0.00250255,0.0331097,0.999448
5.701829000,49.903,2.98633,0.501569,0.000392324,0.000743195,0.0358189,0.999358
6.427659000,56.6203,3.47684,0.576779,0.00894019,0.00693646,0.0376412,0.999227
7.049705000,62.1073,3.95693,0.612812,0.0017948,0.00104224,0.0406707,0.99917
7.775144000,68.0183,4.50306,0.693103,-0.00209119,0.00416729,0.0455267,0.998952
8.500847000,73.1075,5.04727,0.746355,-0.00678034,-0.00112952,0.0493662,0.998757
9.122889999,76.7098,5.40857,0.830899,-0.00332545,-0.00498839,0.0460264,0.998922
9.849228999,80.3088,5.60844,0.90753,-0.00391596,0.00115318,0.00313327,0.999987
10.472640000,82.9612,5.24771,0.941763,-0.00137985,0.00484435,-0.104109,0.994553
11.200570000,85.4296,3.93169,0.965467,-0.00173791,0.00105099,-0.307918,0.951411
11.926380000,86.9641,1.80673,0.987299,-0.000465713,0.00311775,-0.503276,0.86412
12.444110000,87.5259,0.0201193,0.998313,0.0087745,-0.00109448,-0.59037,0.807084
13.065200000,87.9789,-2.32858,1.00779,-0.000334913,-0.0109002,-0.649295,0.760459
13.583109999,88.2246,-4.65808,1.05564,0.00470928,-0.00792179,-0.675672,0.737145
14.101300000,88.377,-7.37376,1.07954,0.00629967,-0.0110211,-0.687967,0.725631
14.619680000,88.513,-10.5371,1.11603,0.0109044,-0.0143065,-0.693464,0.720266
15.137840000,88.6649,-14.1698,1.1534,0.015366,-0.0172453,-0.688301,0.725057
15.656169999,88.9474,-18.1445,1.18863,0.0123385,-0.0142115,-0.681485,0.73159
16.174739999,89.2796,-22.2085,1.26153,0.00652652,-0.0114094,-0.68167,0.731542
16.693090000,89.6051,-26.2527,1.34582,0.00192485,-0.00721418,-0.682913,0.730462
17.211649999,89.8493,-30.3047,1.4193,0.000907952,-0.00221119,-0.694129,0.719846
17.730219999,89.8844,-34.2544,1.47968,0.00218614,-0.00144024,-0.713153,0.701004
18.248550000,89.7024,-38.0743,1.53558,0.00149316,-0.00285319,-0.731719,0.681598
18.766880000,89.3629,-41.7108,1.59987,0.00679425,-0.0041524,-0.743812,0.668342
19.285019999,88.9967,-45.0647,1.63898,0.00814844,-0.00563602,-0.74441,0.667649
19.802910000,88.7956,-47.9673,1.68016,0.00597225,-0.00645227,-0.725655,0.688003
20.320609999,88.9321,-50.5646,1.73471,0.00176914,-0.00697392,-0.673338,0.739299
20.837959999,89.6282,-53.0001,1.77812,0.00256787,0.000426456,-0.577075,0.816687
21.355440000,90.9401,-54.9733,1.81901,-0.00179596,-0.00938438,-0.433018,0.901335
21.977709999,93.233,-56.5579,1.88727,0.00115812,-9.49137e-05,-0.247323,0.968932
22.497160000,95.5138,-57.2646,1.90062,-0.00663121,0.0044317,-0.13945,0.990197
23.017610000,97.9986,-57.7945,1.90677,-0.0104272,0.00406639,-0.105281,0.994379
23.641429999,101.278,-58.4921,1.93406,-0.0149831,-0.00539228,-0.111128,0.993678
24.160009999,104.357,-59.2355,1.97323,-0.0104456,0.00422566,-0.121769,0.992495
24.781829999,108.359,-60.2223,2.01198,-0.00848675,-0.00039325,-0.118388,0.992931
25.299900000,112.032,-61.0418,2.04003,-0.0133097,-0.0033511,-0.111309,0.993691
25.921980000,116.786,-62.0762,2.10174,-0.00551182,0.00124343,-0.105557,0.994397
26.440339999,120.907,-62.9076,2.14606,-0.0192431,0.000889752,-0.109423,0.993809
26.958500000,125.086,-63.866,2.21884,-0.0120601,-0.00106473,-0.112988,0.993523
27.580439999,130.05,-65.0082,2.2926,-0.0119385,-0.0093783,-0.115461,0.993196
28.098649999,134.198,-65.9517,2.33938,-0.0131838,0.00275538,-0.112768,0.99353
28.616839999,138.229,-66.8353,2.40146,-0.0119371,-0.0027513,-0.105743,0.994318
29.135300000,142.219,-67.6173,2.47919,-0.016509,0.000874614,-0.100883,0.994761
29.653420000,146.182,-68.37,2.54361,-0.00993466,0.00321625,-0.0879998,0.996066
30.172000000,150.121,-68.986,2.55566,-0.0134311,-0.000725041,-0.0746512,0.997119
30.794049999,154.983,-69.5247,2.62019,-0.0183049,-0.00222008,-0.0503148,0.998563
31.312349999,159.133,-69.8055,2.65419,-0.0205846,0.00575607,-0.0331265,0.999223
31.830690000,163.272,-69.9715,2.67552,-0.028588,0.00630428,-0.0247422,0.999265
32.348880000,167.356,-70.1011,2.68477,-0.02397,0.00198293,-0.0110038,0.99965
32.867469999,171.519,-70.1224,2.69289,-0.0100024,0.0057598,0.00560478,0.999918
33.489780000,176.549,-69.9327,2.6914,-0.0100636,0.0111379,0.0224939,0.999634
34.008350000,180.773,-69.6833,2.69714,-0.0128452,0.00580719,0.0272019,0.999531
34.526940000,185.011,-69.4521,2.70931,-0.00303142,-0.0034148,0.0308689,0.999513
35.045259999,189.238,-69.1488,2.74966,-0.00668716,0.00101762,0.0328004,0.999439
35.563620000,193.416,-68.8142,2.76979,-0.0158864,0.00458115,0.0337412,0.999294
36.082079999,197.477,-68.498,2.79345,-0.0188184,0.00931693,0.0374489,0.999078
36.704360000,201.777,-68.175,2.82141,-0.00905265,-0.00172404,0.0357207,0.999319
37.222810000,205.121,-67.9603,2.86259,-0.0159749,0.00565909,0.0215011,0.999625
37.741030000,208.345,-67.889,2.9031,-0.0151653,-0.00170246,0.00428357,0.999874
38.259669999,211.551,-67.922,2.94051,-0.0112116,0.00450276,-0.00390312,0.999919
38.777459999,214.789,-67.8976,2.94969,-0.0179113,-0.00422365,-0.00203397,0.999829
39.295720000,218.192,-67.8659,2.98142,-0.0135116,0.0139864,0.00801675,0.999779
39.814160000,221.631,-67.8036,2.94435,-0.00630765,0.00600673,0.0128523,0.999879
40.332560000,225.125,-67.741,2.94038,0.0060821,0.00583006,0.0152001,0.999849
40.850979999,228.59,-67.6513,2.94127,0.0108724,0.00625913,0.0169486,0.999778
41.370359999,231.91,-67.5357,2.96476,0.0116428,0.0065363,0.01768,0.999755
41.887680000,234.886,-67.4303,2.97156,0.0178136,0.0111164,0.0266834,0.999423
42.405329999,237.46,-67.1474,2.97384,0.0213576,0.00801956,0.0727821,0.997087
43.026189999,240.194,-66.283,3.00357,0.0152166,0.00164667,0.18711,0.98222
43.543500000,241.958,-64.978,3.03467,-0.0125598,-0.00435446,0.318783,0.947735
44.061680000,243.26,-63.3441,3.02206,-0.0306279,0.0105223,0.450918,0.891978
44.580030000,244.067,-61.4915,2.93781,-0.0192019,0.0110087,0.574064,0.818511
45.098959999,244.402,-59.2204,2.85605,-0.018167,0.00952821,0.668007,0.743872
45.618560000,244.371,-56.6622,2.77749,-0.017288,0.00372014,0.716013,0.697863
46.138420000,244.164,-53.7682,2.70446,-0.0177698,6.66698e-05,0.728826,0.684468
46.657809999,243.935,-50.399,2.63316,-0.015351,0.000120779,0.728369,0.685014
47.176650000,243.693,-46.5105,2.55419,-0.0133147,0.00161837,0.725843,0.687729
47.695090000,243.463,-42.1687,2.47329,-0.0147797,0.00868911,0.72359,0.690017
48.213880000,243.225,-37.7794,2.3904,-0.0119122,0.00962541,0.725998,0.687526
48.731400000,242.942,-33.3756,2.28771,-0.0128345,0.0132152,0.730656,0.682497
49.249830000,242.587,-29.0711,2.19871,-0.0136549,0.00526849,0.732903,0.680176
49.768340000,242.263,-24.8151,2.13863,-0.0133906,0.00694112,0.730067,0.683209
50.286729999,242.025,-20.6439,2.07952,-0.00949893,0.0108889,0.726385,0.687136
50.805050000,241.77,-16.5798,2.00175,-0.010986,0.0124907,0.729042,0.684267
51.427120000,241.346,-11.801,1.92181,-0.0141177,0.00890628,0.738448,0.674104
51.945450000,240.906,-7.92381,1.84703,-0.0217814,0.0012059,0.7419,0.670155
52.360309999,240.564,-5.05316,1.79612,-0.0257759,-0.00265783,0.741849,0.670066
52.878630000,240.228,-1.78945,1.74242,-0.0274589,-0.00451752,0.737368,0.674918
53.396940000,239.991,1.09613,1.69469,-0.0267737,-0.00365663,0.731797,0.680986
54.018909999,239.822,3.99304,1.64723,-0.0266999,-0.000732509,0.722553,0.690799
54.433599999,239.777,5.59314,1.62096,-0.0262974,0.000546626,0.714883,0.698749
55.055430000,239.78,7.4334,1.59459,-0.0236267,0.00134483,0.704164,0.709643
55.470019999,239.806,8.14943,1.59364,-0.0180589,-0.00045868,0.700021,0.713893
56.091960000,239.818,8.57991,1.58817,-0.016226,-0.00177942,0.69855,0.715375
56.610039999,239.821,8.61748,1.59229,-0.0156634,-0.00265439,0.698367,0.715563
57.024630000,239.82,8.6137,1.5968,-0.0147214,-0.00337132,0.698371,0.715576
57.646569999,239.825,8.67184,1.59521,-0.014043,-0.0038578,0.69822,0.715735
58.164909999,239.833,8.89973,1.59072,-0.0108742,-0.0066113,0.697308,0.716658
58.683349999,239.878,9.58188,1.58735,-0.00826245,-0.00851481,0.686865,0.726688
59.201790000,240.03,10.6853,1.59191,-0.0115396,-0.00618156,0.655498,0.755083
59.720500000,240.442,12.0194,1.60463,-0.00721812,-0.000448151,0.595316,0.803459
60.239770000,241.245,13.482,1.5896,-0.0141288,0.00507148,0.492917,0.869947
60.758609999,242.589,14.7874,1.56878,-0.0092936,0.001383,0.354762,0.934909
61.276850000,244.566,15.7734,1.56059,-0.00426869,0.00458404,0.207283,0.978261
61.794550000,247.135,16.3894,1.54383,-0.0029498,0.00224894,0.0913464,0.995812
62.311500000,250.182,16.6791,1.54191,0.00087365,0.00430297,0.0359649,0.999343
62.828699999,253.63,16.8498,1.53008,0.00234565,0.0031145,0.019862,0.999795
63.346530000,257.476,17.0031,1.51011,0.00381993,0.00575969,0.0188095,0.999799
63.761249999,260.805,17.1599,1.5091,0.000815208,-0.000645866,0.0209031,0.999781
64.279619999,265.272,17.3548,1.49391,0.00587011,0.00568529,0.0210747,0.999745
64.797939999,270.012,17.5848,1.50053,0.00501657,0.00328628,0.0226843,0.999725
65.316220000,275.048,17.8266,1.48022,0.00588612,0.00408461,0.0230819,0.999708
65.834429999,280.267,18.0965,1.47047,0.0101269,0.00644054,0.0264839,0.999577
66.248940000,284.501,18.3491,1.49536,0.00909695,0.00155921,0.0295528,0.999521
66.559860000,287.665,18.5675,1.51385,0.00673909,0.00776424,0.0317255,0.999444
66.974569999,291.823,18.8605,1.51514,0.00550671,0.00497292,0.0325578,0.999442
67.389279999,295.956,19.1539,1.5415,0.00498448,0.00469986,0.0323947,0.999452
67.700270000,299.041,19.3754,1.5525,0.00187649,0.00779083,0.0317894,0.999462
68.114969999,303.121,19.6664,1.53357,-0.0029466,0.00528933,0.0306843,0.999511
68.425939999,306.151,19.8819,1.53948,-0.00723078,0.00308802,0.0304447,0.999506
68.840530000,310.263,20.167,1.5475,-0.0061359,0.00622384,0.0308142,0.999487
69.151619999,313.372,20.3731,1.54126,-0.00674641,0.00609249,0.0292912,0.99953
69.566329999,317.566,20.6321,1.53302,-0.00634278,0.00589559,0.0282626,0.999563
69.980930000,321.831,20.8956,1.54298,-0.00683548,0.00584172,0.0280299,0.999567
70.292029999,325.084,21.0966,1.52654,-0.0062384,0.00948627,0.0277748,0.99955
70.706609999,329.354,21.3423,1.51171,-0.00268555,0.00677924,0.0279555,0.999583
71.017600000,332.525,21.5186,1.50104,0.00154644,0.0108131,0.0285523,0.999533
71.432159999,336.694,21.7577,1.48285,0.00679132,0.00731833,0.0291515,0.999525
71.743009999,339.763,21.9391,1.47996,0.00969752,0.0105903,0.0307048,0.999425
72.157489999,343.744,22.1905,1.45454,0.0135893,0.0113701,0.0326097,0.999311
72.572059999,347.539,22.4693,1.44253,0.0119518,0.010819,0.0345001,0.999275
72.883039999,350.297,22.6788,1.42893,0.00989678,0.00988678,0.035183,0.999283
73.194190000,352.894,22.8686,1.42598,0.00933104,0.00990069,0.0333177,0.999352
73.608900000,356.107,23.0781,1.42081,0.0133259,0.0122478,0.0297231,0.999394
73.919839999,358.269,23.2021,1.41173,0.01276,0.013943,0.0273606,0.999447
74.334400000,360.828,23.3421,1.40218,0.0123638,0.0087145,0.0249448,0.999574
74.645259999,362.529,23.4322,1.41094,0.0126698,0.0125665,0.0257662,0.999509
75.059610000,364.492,23.5929,1.40358,0.0110671,0.00738183,0.040867,0.999076
75.370050000,365.816,23.7817,1.41159,0.00874532,0.00634325,0.0685165,0.997591
75.783770000,367.499,24.2054,1.42308,0.00838287,0.00964832,0.132968,0.991038
76.094110000,368.64,24.7115,1.41529,0.00406574,0.0127355,0.199888,0.979728
76.507949999,370.004,25.6521,1.39309,-0.0027796,0.016729,0.302338,0.95305
76.818439999,370.953,26.5962,1.36226,-0.000831402,0.0227911,0.385559,0.922401
77.232630000,372.01,28.1994,1.30697,0.00993767,0.0279863,0.501593,0.864594
77.543570000,372.505,29.6237,1.26225,0.0147051,0.0215939,0.588656,0.807961
77.958590000,372.734,31.7561,1.24979,0.00833754,0.0231094,0.684341,0.728748
78.270660000,372.608,33.5128,1.22247,-0.0029652,0.0184004,0.726248,0.68718
78.687370000,372.318,35.9808,1.17852,-0.00450441,0.0111242,0.744008,0.668062
78.999750000,372.109,37.9087,1.14265,0.00179981,0.0078429,0.744455,0.667625
79.415180000,371.803,40.6704,1.13038,-0.00231307,0.00858867,0.742653,0.669617
79.830150000,371.494,43.6772,1.10338,-0.00705946,0.00420916,0.737046,0.675792
80.244849999,371.226,46.9143,1.05947,-0.0091876,0.00324966,0.732217,0.681002
80.659450000,371.005,50.4184,0.995214,-0.012473,0.0107443,0.728533,0.684813
81.074089999,370.782,54.0352,0.913732,-0.0116115,0.00725001,0.724959,0.688656
81.385030000,370.641,56.7931,0.867116,-0.0112278,0.00852945,0.725538,0.688038
81.799469999,370.415,60.4521,0.806798,-0.014354,0.00758055,0.727018,0.686427
82.110320000,370.235,63.204,0.761383,-0.0139221,0.00641619,0.728546,0.684825
82.525019999,369.962,66.823,0.698429,-0.0172681,0.0083358,0.73325,0.679689
82.939729999,369.635,70.4223,0.629742,-0.0158705,0.00335479,0.736602,0.676132
83.250969999,369.39,73.0993,0.5774,-0.0172371,0.00543998,0.736939,0.675717
83.665549999,369.072,76.6169,0.51823,-0.0188764,0.00173682,0.732375,0.680637
83.976709999,368.88,79.2734,0.475183,-0.0207978,0.00274934,0.727372,0.685923
84.391159999,368.701,82.8065,0.407827,-0.0189235,0.0014735,0.720147,0.693562
84.702119999,368.604,85.4304,0.366101,-0.0191519,0.00211081,0.715001,0.698857
85.116699999,368.55,88.8873,0.304513,-0.0192933,0.00596804,0.709427,0.704489
85.531340000,368.534,92.0739,0.248379,-0.0143375,0.00796407,0.707406,0.706617
85.842510000,368.53,94.2721,0.227875,-0.0107304,0.00973109,0.708519,0.705543
86.257679999,368.495,96.8582,0.201312,-0.0100923,0.0141404,0.715151,0.698754
86.567779999,368.422,98.6376,0.174675,-0.00812211,0.0127789,0.722472,0.691235
86.982510000,368.256,100.978,0.142895,-0.0073086,0.010353,0.732466,0.680685
87.293639999,368.1,102.698,0.122465,-0.00423121,0.00746072,0.738936,0.673721
87.708320000,367.826,105.048,0.112289,-0.00434638,0.00542967,0.745846,0.666082
88.123029999,367.49,107.517,0.100716,-0.0060394,0.000429873,0.749344,0.662153
88.434330000,367.235,109.475,0.0923859,-0.00780026,0.0022347,0.749281,0.662203
88.848889999,366.867,112.273,0.0341899,-0.0227615,0.00932137,0.747461,0.66385
89.159790000,366.588,114.472,-0.0366602,-0.0160868,-0.00399675,0.743776,0.668224
89.574489999,366.267,117.708,-0.129334,-0.023004,0.00647865,0.738183,0.674177
89.885589999,366.023,120.227,-0.196758,-0.0187333,-0.00632396,0.734498,0.678323
90.300449999,365.75,123.815,-0.274212,-0.0179914,-0.0119315,0.7254,0.687989
90.715140000,365.619,127.636,-0.293387,-0.0177203,0.00110072,0.71577,0.698111
91.025980000,365.565,130.563,-0.343365,-0.0151544,-9.59477e-05,0.711372,0.702653
91.440449999,365.5,134.555,-0.392175,-0.0164373,0.00288791,0.712536,0.701437
91.751300000,365.429,137.53,-0.443422,-0.014072,0.00299385,0.715594,0.698368
92.165880000,365.31,141.493,-0.479843,-0.0106313,0.00865069,0.720804,0.693004
92.476860000,365.142,144.428,-0.518486,-0.0125505,0.003044,0.723027,0.690699
92.891469999,364.935,148.334,-0.55259,-0.0128652,0.00574647,0.726087,0.687458
93.202160000,364.753,151.244,-0.60546,-0.0142724,0.0104879,0.727984,0.685365
93.616749999,364.481,155.056,-0.66403,-0.0122391,0.00726739,0.730805,0.682438
93.927850000,364.27,157.89,-0.712908,-0.0142835,0.0134396,0.735075,0.677702
94.238820000,364.005,160.662,-0.785725,-0.0170156,0.0097538,0.734887,0.677906
94.653649999,363.696,164.373,-0.863324,-0.014363,0.00605697,0.73209,0.681029
94.964650000,363.51,167.07,-0.919688,-0.0172196,0.0128709,0.730885,0.682162
95.379210000,363.267,170.532,-1.00572,-0.0170554,0.0103781,0.729726,0.683448
95.690200000,363.093,172.993,-1.06785,-0.0159395,0.0123047,0.729632,0.683544
96.104780000,362.894,175.998,-1.12571,-0.0117238,0.0178429,0.730147,0.682956
96.415649999,362.724,178.022,-1.16477,-0.00995545,0.0137697,0.732447,0.680612
96.830259999,362.495,180.484,-1.20475,-0.0127311,0.00996384,0.737347,0.675321
97.141139999,362.301,182.196,-1.22632,-0.0131085,0.0118803,0.747019,0.664568
97.555019999,361.898,184.294,-1.2608,-0.00946472,0.011927,0.777447,0.628764
97.865260000,361.411,185.773,-1.28603,-0.00879997,0.0131734,0.814027,0.580611
98.278710000,360.421,187.553,-1.31551,-0.00764567,0.0150621,0.872045,0.489133
98.589190000,359.418,188.68,-1.33433,-0.0106324,0.0141962,0.913833,0.405703
99.003280000,357.734,189.87,-1.37405,-0.012137,0.011848,0.960664,0.277195
99.418369999,355.636,190.638,-1.41911,-0.0142645,0.0146316,0.989319,0.144326
99.833449999,353.304,190.927,-1.47418,-0.0126842,0.00958516,0.998794,0.0464489
100.353899999,350.095,190.964,-1.53056,-0.00772616,0.0119189,0.999892,-0.00370289
100.873400000,346.603,190.757,-1.5414,-0.00243805,0.0108271,0.999302,-0.0356719
101.392200000,342.793,190.388,-1.53784,-0.00347159,0.00688098,0.998858,-0.0471436
101.910600000,338.663,189.894,-1.55242,-0.00365523,0.00174194,0.998313,-0.0579144
102.429299999,334.238,189.328,-1.54421,-0.00311704,-0.00138401,0.998459,-0.0553922
103.051299999,328.659,188.706,-1.55029,-0.0119239,-0.00495418,0.99876,-0.048073
103.569599999,324.042,188.261,-1.60715,-0.0112729,-0.00751391,0.998989,-0.042861
104.087699999,319.399,187.843,-1.65379,-0.00861745,-0.0101917,0.999172,-0.0384381
104.605999999,314.69,187.462,-1.69762,-0.011223,-0.0130106,0.99934,-0.0319917
105.124200000,309.912,187.155,-1.74634,-0.0158447,-0.00819993,0.999419,-0.0290388
105.642600000,305.214,186.819,-1.80197,-0.00767525,-0.0123628,0.999391,-0.0317181
106.160899999,300.513,186.505,-1.81777,-0.00904416,-0.0116368,0.999509,-0.0276622
106.679299999,295.879,186.253,-1.84596,-0.00937137,-0.0102076,0.999639,-0.0230244
107.197500000,291.275,186.01,-1.85898,-0.00745252,-0.00359674,0.999595,-0.0272365
107.715999999,286.609,185.674,-1.88038,-0.00945923,-0.00743481,0.999329,-0.0345973
108.234600000,281.885,185.32,-1.90732,-0.00539148,-0.00344721,0.999332,-0.0359674
108.753000000,277.078,184.963,-1.9451,-0.00858332,-0.00348248,0.999454,-0.031722
109.271399999,272.184,184.659,-2.00388,-0.0121072,-0.00217745,0.999553,-0.0272384
109.789400000,267.239,184.325,-2.06975,-0.0150877,-0.00146672,0.999329,-0.0333406
110.307900000,262.334,183.946,-2.11559,-0.010354,-0.00286051,0.999255,-0.0370671
110.826999999,257.411,183.515,-2.15981,0.00168668,-0.00177351,0.999109,-0.0421242
111.345299999,252.349,183.033,-2.16125,-0.0128142,-0.00105123,0.998961,-0.0437137
111.967299999,246.399,182.546,-2.17889,-0.00644745,0.00534756,0.99924,-0.0380648
112.485500000,241.551,182.154,-2.18047,-0.00791468,0.00398132,0.999374,-0.0342386
113.003600000,236.877,181.84,-2.19934,-0.0125848,0.00947148,0.999345,-0.0325912
113.418300000,233.365,181.584,-2.21824,-0.00576574,0.005583,0.99947,-0.0315629
113.936499999,229.244,181.304,-2.20622,-0.00994467,0.000802646,0.99972,-0.0214472
114.454300000,225.573,181.16,-2.21544,-0.0111006,0.00162695,0.999854,-0.0128512
114.868799999,223.004,181.095,-2.22203,-0.0102505,0.00597054,0.999856,-0.0121176
115.179699999,221.303,181.046,-2.21905,-0.00961523,0.0097258,0.999723,-0.0191728
115.593900000,219.34,180.892,-2.21571,-0.00897594,0.0116853,0.998934,-0.0437443
116.008099999,217.588,180.564,-2.21123,-0.0063707,0.0119798,0.994757,-0.101366
116.524699999,215.633,179.728,-2.2029,-0.0035418,0.00368366,0.976416,-0.215838
117.042599999,213.834,178.37,-2.19557,-0.00469734,0.00330157,0.939977,-0.34119
117.560199999,212.269,176.317,-2.19058,-0.00243038,0.00458481,0.879524,-0.475826
118.285899999,211.009,172.39,-2.15202,-0.00406962,0.00193587,-0.772418,0.635098
119.013300000,210.768,167.634,-2.09245,-0.00981435,0.00292867,-0.712848,0.701244
119.740399999,210.814,162.39,-1.98966,-0.0101325,-0.00392544,-0.702897,0.711209
120.362399999,210.936,157.528,-1.8904,-0.00316925,-0.00562892,-0.698384,0.715694
121.087999999,211.149,151.423,-1.77537,0.000860316,-0.00587154,-0.693948,0.72
121.813500000,211.529,145.105,-1.67918,0.00759204,-0.00326006,-0.681533,0.731741
122.539299999,212.164,138.842,-1.58314,-0.000754973,0.00176033,-0.671671,0.740847
123.161600000,212.764,133.599,-1.50022,-0.0118546,0.00554151,-0.674062,0.738559
123.887000000,213.309,127.921,-1.37315,-0.0154067,0.0108317,-0.68044,0.732562
124.612999999,213.567,123.166,-1.23051,-0.0137073,0.00441061,-0.695397,0.718482
125.338499999,213.639,118.905,-1.11287,-0.0116349,0.00481597,-0.706877,0.707224
125.960300000,213.667,115.346,-1.03959,-0.00158241,0.00680483,-0.700416,0.7137
126.685100000,214.064,111.36,-0.98129,-0.00261907,-0.00769755,-0.644043,0.764946
127.409599999,215.443,107.747,-0.899014,-0.00178175,0.000824192,-0.521999,0.852944
127.927499999,217.082,105.672,-0.856577,-0.00581071,-0.00907092,-0.40044,0.91626
128.549599999,219.662,103.835,-0.768158,0.0035983,-0.00792518,-0.253269,0.967357
129.068199999,222.142,102.987,-0.714669,-0.00782709,-0.00244458,-0.147703,0.988998
129.587999999,224.68,102.488,-0.675796,-0.0241145,0.00109333,-0.10534,0.994143
130.108000000,227.128,101.983,-0.631397,-0.0229475,-0.00230353,-0.111281,0.993521
130.628399999,229.383,101.268,-0.598237,-0.0192252,0.00833066,-0.179811,0.983478
131.148799999,231.07,100.208,-0.538771,-0.0138493,-0.00372422,-0.302161,0.953149
131.668399999,232.298,98.7556,-0.509921,-0.0030796,-0.000262011,-0.441262,0.897373
132.186299999,233.09,97.103,-0.479891,-0.00670562,-5.16974e-05,-0.55124,0.83432
132.807500000,233.639,94.6494,-0.435854,-0.00123928,-0.00265762,-0.636571,0.771212
133.532000000,234.055,91.149,-0.378018,-0.00426328,-0.00980818,-0.6744,0.738289
134.153300000,234.378,87.4646,-0.30619,-0.000705398,-0.0066972,-0.677851,0.735168
134.878999999,234.762,82.4822,-0.203506,-0.00456722,-0.00659319,-0.68363,0.729784
135.500799999,235.044,77.7389,-0.101499,-0.00171312,-0.00734689,-0.688639,0.725065
136.226499999,235.336,71.836,0.050896,-0.00525297,-0.00886033,-0.692366,0.721473
136.951999999,235.657,65.6859,0.217929,-0.00103028,-0.0119139,-0.685553,0.727924
137.574299999,236.012,60.4639,0.377266,0.00466604,-0.0062993,-0.681679,0.73161
138.299900000,236.479,54.5587,0.541462,0.00285624,-0.00805927,-0.680189,0.732987
139.025200000,236.946,48.7978,0.698656,0.00218559,-0.0125909,-0.677611,0.735309
139.647199999,237.369,44.0133,0.836811,0.00406261,-0.0115903,-0.674857,0.737846
140.372700000,237.885,38.9657,0.979201,-0.00346258,-0.00679351,-0.673071,0.739538
140.994699999,238.281,34.9147,1.08848,-0.00246247,-0.0040545,-0.675223,0.737599
141.720100000,238.615,30.7787,1.20275,-0.0044986,-0.00282052,-0.68379,0.729659
142.238400000,238.725,28.3836,1.27441,-0.00375704,-0.00174319,-0.698629,0.715472
142.860600000,238.692,26.0438,1.32732,-0.00119692,-0.000376599,-0.719995,0.693978
143.379099999,238.532,24.5559,1.3602,0.00632643,-0.00587063,-0.740737,0.67174
144.000900000,238.337,23.4263,1.3769,0.00359684,-0.00694147,-0.766818,0.641817
144.622899999,238.059,22.4843,1.39135,0.00542914,-0.00900926,-0.794969,0.606559
145.141500000,237.71,21.6056,1.39289,-0.00163416,-0.0113183,-0.825291,0.564592
145.660599999,236.96,20.3955,1.40935,0.00112312,0.0121179,0.87483,-0.484277
146.283299999,235.364,18.8036,1.43108,0.00461221,0.00841738,0.938697,-0.344608
146.801700000,233.28,17.7355,1.45945,0.00587224,0.0103088,0.979466,-0.201262
147.422799999,229.898,16.9886,1.48664,-0.00220852,0.0145595,0.997102,-0.0746419
147.939899999,226.457,16.6865,1.47749,-0.00346158,0.0133553,0.999488,-0.0288614
148.457200000,222.507,16.5525,1.4508,-0.0062692,0.0179077,0.999723,-0.0139106
148.974899999,218.089,16.438,1.40925,-0.00594239,0.0207632,0.999667,-0.0140976
149.492899999,213.243,16.2762,1.38892,-0.00341597,0.0250806,0.999499,-0.0189983
150.011099999,208.04,15.9846,1.39066,-0.00333357,0.0211752,0.999379,-0.0279523
150.529300000,202.514,15.6103,1.39406,-0.00464837,0.0234349,0.999142,-0.0338332
151.047500000,196.883,15.1862,1.3966,-0.00508968,0.0225722,0.999055,-0.0367818
151.565599999,191.141,14.7355,1.40388,-0.00639685,0.020755,0.999094,-0.0365914
152.083899999,185.236,14.2964,1.39785,-0.00718046,0.0189919,0.999251,-0.0329448
152.602100000,179.196,13.9039,1.34935,-0.00897987,0.020717,0.999337,-0.0285646
153.120399999,172.972,13.5619,1.32006,-0.00573463,0.0239732,0.999377,-0.0252733
153.638599999,166.617,13.2269,1.29391,-0.00613085,0.0214191,0.999473,-0.0235952
154.156700000,160.124,12.9027,1.29394,-0.00749135,0.0228579,0.999418,-0.0241845
154.674599999,153.62,12.5635,1.28419,-0.00699432,0.0238877,0.999359,-0.025713
155.192499999,147.089,12.1973,1.27618,-0.0084618,0.0236588,0.999308,-0.0274379
155.710399999,140.617,11.8107,1.26533,-0.00773684,0.0237064,0.999261,-0.0292643
156.228600000,134.21,11.3971,1.24593,-0.0133324,0.0220656,0.999187,-0.030988
156.746800000,127.891,10.9606,1.18317,-0.0135207,0.0244171,0.99907,-0.0328515
157.264999999,121.77,10.5081,1.12797,-0.0104129,0.0240096,0.999118,-0.032826
157.679599999,117.14,10.1849,1.12429,-0.0103161,0.0233328,0.999196,-0.0309121
158.094200000,112.791,9.8866,1.11812,-0.00929979,0.0231994,0.999275,-0.0287117
158.509099999,108.799,9.6564,1.11916,-0.010134,0.0230394,0.99932,-0.0269344
158.923699999,105.157,9.43334,1.11859,-0.0118885,0.0223663,0.999404,-0.0234649
159.338300000,101.873,9.29286,1.10209,-0.0151024,0.0252289,0.999302,-0.0230261
159.649000000,99.6785,9.18144,1.07998,-0.0155035,0.0309304,0.998816,-0.0342121
160.062900000,97.1043,8.84809,1.06194,-0.0156734,0.0349875,0.996052,-0.080065
160.373199999,95.3964,8.39606,1.05534,-0.013715,0.0320871,0.990088,-0.136043
160.787100000,93.4062,7.48627,1.06074,-0.012276,0.0193748,0.973989,-0.22543
161.304900000,91.314,5.80198,1.05088,-0.0138045,0.00266452,0.934669,-0.355241
161.822900000,89.8113,3.701,1.02802,-0.0122572,0.00299835,0.871635,-0.489993
162.341299999,89.0177,1.28815,1.0241,0.0078878,-0.00296174,-0.79335,0.608708
162.860500000,88.7439,-1.30771,1.03457,0.00280304,-0.00306102,-0.73593,0.677045
163.380099999,88.6658,-4.0767,1.06457,0.00206695,-0.00687701,-0.713793,0.700319
163.899400000,88.659,-7.15465,1.10112,0.00542227,-0.0096582,-0.709668,0.704449
164.418000000,88.6394,-10.5007,1.12842,0.0105811,-0.0142479,-0.708913,0.705072
164.936200000,88.6633,-14.2845,1.16494,0.0172164,-0.0202862,-0.698623,0.714995
165.454399999,88.923,-18.4649,1.20095,0.01238,-0.0179401,-0.678856,0.733948
165.972900000,89.3966,-22.7895,1.28637,0.00352882,-0.00901846,-0.672234,0.740275
166.491399999,89.7773,-27.0864,1.37731,-0.00153904,-0.00324136,-0.686796,0.726841
167.113499999,89.8631,-32.1829,1.46455,0.000932666,-0.00324848,-0.712701,0.70146
167.631599999,89.6731,-36.3677,1.52517,0.00239762,-0.00668036,-0.726231,0.687414
168.149599999,89.4391,-40.6744,1.60033,0.00256631,-0.00839819,-0.726231,0.687395
168.667699999,89.2492,-45.1519,1.65629,0.00271871,-0.00404329,-0.724984,0.688748
169.186399999,88.9955,-49.5826,1.72098,-0.00956182,0.00247018,-0.741899,0.670439
169.704900000,88.3,-54.0017,1.80532,-0.00354417,0.00236893,-0.773711,0.633524
