0.103735900,1.67586,0.10288,-0.070723,0.00317036,-0.00112547,0.00271098,0.999991,
0.829419900,7.05037,0.432997,-0.0771394,-0.000488906,-0.0031207,0.0176212,0.99984,
1.451596000,11.9141,-0.11229,-0.233333,0.00107578,-0.000951762,0.0266762,0.999643,
2.177280999,18.1571,0.00163208,-0.12492,-0.00162603,-0.00306747,0.0316756,0.999492,
2.903084000,23.4833,1.80149,-0.079183,-0.00121652,0.00243229,0.032722,0.999461,
3.628544999,30.6627,2.56694,0.15095,0.0030366,0.00224138,0.0292439,0.999565,
4.250460000,36.0353,1.57613,0.45474,0.00685954,-0.00026981,0.032383,0.999452,
4.976146000,44.1551,2.24343,0.384919,0.00202383,0.00181815,0.0338696,0.999423,
5.701829000,50.5765,2.85587,0.713943,0.00196799,-2.26522e-05,0.0365636,0.999329,
6.323895000,55.7939,2.84595,0.789964,0.00953193,0.0037265,0.0381221,0.999221,
7.049705000,62.5591,2.99289,0.812451,0.00359582,0.000265317,0.0414894,0.999132,
7.671395999,66.8729,3.39709,0.835689,0.000805862,0.00218058,0.045202,0.998975,
8.397102000,72.5514,4.7656,1.18565,-0.00462445,-0.0038265,0.0491453,0.998774,
9.122889999,76.8478,4.16025,1.24039,-0.00140753,-0.00608172,0.0466218,0.998893,
9.745342000,79.8884,4.25018,1.22007,-0.00248771,-0.000534015,0.0144296,0.999893,
10.472640000,82.9753,4.08954,1.14864,0.000285099,0.00331982,-0.103895,0.994583,
11.200570000,85.2805,2.44873,1.16079,-0.000413376,-0.00075388,-0.304161,0.95262,
11.822770000,86.5991,0.361263,1.68831,0.0023935,0.000396508,-0.477294,0.87874,
12.444110000,87.4695,-1.65327,1.43546,0.009522,-0.00332454,-0.589879,0.807429,
12.961669999,87.9901,-3.80925,1.29074,0.00265338,-0.0107083,-0.641307,0.767205,
13.479499999,88.0081,-5.23777,1.18341,0.00330114,-0.00920075,-0.671758,0.740706,
13.997669999,88.0275,-8.23461,1.4826,0.00701225,-0.013161,-0.686294,0.727171,
14.515890000,88.5984,-11.0707,0.945711,0.00980642,-0.0155513,-0.69318,0.72053,
15.034100000,88.5071,-13.4972,1.37727,0.0145939,-0.0191524,-0.690147,0.723268,
15.552550000,88.5606,-19.008,1.42851,0.015095,-0.0158778,-0.682852,0.730228,
16.071020000,89.6838,-21.8146,1.55345,0.00650549,-0.0145045,-0.681619,0.731535,
16.589330000,90.1747,-25.9497,1.75779,0.0030711,-0.0107928,-0.682069,0.731202,
17.211649999,90.2296,-30.9489,1.39839,0.0013229,-0.00481497,-0.694683,0.719299,
17.730219999,89.8756,-34.8003,1.51902,0.0025408,-0.00403442,-0.713844,0.700289,
18.248550000,89.4643,-39.2185,1.4906,0.0017855,-0.00545079,-0.732105,0.681167,
18.766880000,89.3364,-42.5514,1.58731,0.00709832,-0.00677867,-0.743751,0.668385,
19.181409999,89.04,-45.058,2.00029,0.00876239,-0.00780585,-0.744981,0.666983,
19.699410000,89.5144,-47.9909,1.97432,0.00726216,-0.00870652,-0.731352,0.681906,
20.217140000,88.9853,-50.3408,1.58209,0.00171795,-0.0106042,-0.689685,0.72403,
20.734439999,89.7982,-52.6946,1.45362,0.0036381,-0.00177381,-0.593288,0.80498,
21.251899999,90.8338,-53.8479,1.33234,0.00131312,-0.0105512,-0.454319,0.890776,
21.873950000,93.3085,-55.3823,1.61165,0.00234255,-0.00455269,-0.305658,0.952127,
22.393170000,95.6978,-56.2463,1.64044,-0.00387322,0.0040003,-0.167456,0.985864,
22.913660000,98.6365,-56.9484,1.85463,-0.00501397,0.00339517,-0.129189,0.991601,
23.537559999,101.019,-57.4298,1.68646,-0.0112448,-0.0068433,-0.128742,0.991591,
24.056419999,105.078,-58.3389,1.53021,-0.0104303,0.00259067,-0.133368,0.991008,
24.574560000,107.529,-59.0961,1.8412,-0.00874975,-0.00726822,-0.133538,0.990978,
25.196320000,111.045,-59.4289,1.8697,-0.0111772,-0.0038515,-0.126392,0.99191,
25.818220000,116.003,-60.0281,1.9859,-0.00373632,-0.00144326,-0.118712,0.992921,
26.336549999,120.093,-60.7267,1.99365,-0.0159252,-0.00179131,-0.120837,0.992543,
26.958500000,125.534,-62.8078,1.86652,-0.0099196,-0.00304219,-0.126097,0.991964,
27.476870000,129.513,-63.6808,1.86416,-0.0109357,-0.00699607,-0.128845,0.99158,
27.995100000,133.857,-64.6283,1.75741,-0.00598965,0.0078833,-0.12646,0.991922,
28.513230000,137.625,-66.0259,1.54116,-0.00842449,-0.00339409,-0.121486,0.992552,
29.031559999,141.856,-66.3562,1.74481,-0.0148268,-0.000597038,-0.114845,0.993273,
29.653420000,146.139,-67.0461,1.85659,-0.00765363,0.0018927,-0.101147,0.99484,
30.172000000,150.905,-67.2736,1.83261,-0.0112456,-0.00196162,-0.0875418,0.996095,
30.690400000,154.819,-68.1571,2.17916,-0.0160956,-0.0045673,-0.0679631,0.997548,
31.208610000,158.584,-68.625,2.23009,-0.0184815,0.00617825,-0.0492855,0.998595,
31.726939999,163.382,-68.5031,2.54071,-0.0253723,0.00125975,-0.0399505,0.998879,
32.348880000,168.109,-69.0856,1.96485,-0.0217529,0.00159026,-0.0249568,0.999451,
32.867469999,171.891,-68.753,1.54118,-0.00763157,0.00531273,-0.00862618,0.99992,
33.386029999,175.91,-68.8662,1.57717,-0.00790915,0.0117236,0.00684928,0.999877,
33.904609999,179.7,-67.8886,1.70053,-0.011586,0.00122381,0.013184,0.999845,
34.423340000,183.816,-67.3921,1.63368,-0.00564721,-0.00197362,0.0160184,0.999854,
35.045259999,189.2,-67.5508,2.15252,-0.00443967,0.000529481,0.0189076,0.999811,
35.563620000,193.354,-67.4008,2.34692,-0.0134411,0.00429176,0.0198266,0.999704,
36.082079999,197.992,-67.7273,2.18379,-0.0161992,0.00896478,0.0234967,0.999552,
36.600490000,201.212,-67.0352,2.40377,-0.0073035,-0.000320857,0.0229645,0.99971,
37.119059999,204.459,-67.1857,2.03111,-0.012775,0.00658569,0.010378,0.999843,
37.637390000,207.394,-66.046,2.67929,-0.0149763,-0.00464664,-0.00732242,0.99985,
38.155720000,211.163,-66.9384,2.88594,-0.00821472,0.00288736,-0.0190628,0.99978,
38.673810000,214.172,-67.4392,2.29593,-0.0166568,-0.000537321,-0.0181382,0.999697,
39.295720000,218.178,-67.2099,2.05489,-0.0115072,0.0134411,-0.00701692,0.999819,
39.814160000,221.261,-67.3195,2.59579,-0.00437876,0.00540875,-0.00213489,0.999974,
40.332560000,224.07,-67.1008,2.31361,0.00798733,0.00505979,0.000247307,0.999955,
40.850979999,228.557,-67.4837,2.70079,0.0128341,0.00541692,0.0019166,0.999901,
41.370359999,232.006,-67.8402,2.69449,0.0136218,0.00568361,0.00264997,0.999888,
41.887680000,233.731,-67.6934,2.37146,0.019723,0.0102091,0.011862,0.999683,
42.405329999,237.555,-67.2377,2.14519,0.0231246,0.00714438,0.0581143,0.998017,
42.922649999,239.445,-66.4259,2.53268,0.0192625,0.00237314,0.153441,0.987967,
43.440049999,241.567,-64.6589,2.61306,-0.00737363,-0.0043911,0.294455,0.955627,
43.957959999,243.16,-63.2735,2.39502,-0.0270982,0.0079206,0.426619,0.903991,
44.476269999,242.791,-60.6072,2.01896,-0.0202116,0.0114291,0.557841,0.829623,
44.995089999,244.516,-59.1877,2.37223,-0.0170267,0.009361,0.65272,0.75735,
45.514850000,244.2,-56.2394,2.30976,-0.015196,0.00464984,0.707253,0.706781,
46.034570000,244.767,-54.1341,2.12704,-0.0165946,-0.000528948,0.707266,0.706752,
46.554099999,243.995,-50.2045,2.0176,-0.0149544,0.000490217,0.717065,0.696845,
47.072899999,243.775,-46.7411,1.70406,-0.0128193,3.96658e-05,0.715007,0.698999,
47.591509999,244.202,-42.0452,2.03287,-0.0119712,0.00614723,0.71213,0.701918,
48.109679999,244.057,-37.6347,2.02866,-0.00979534,0.0065882,0.713454,0.700603,
48.627780000,243.628,-33.9497,2.16778,-0.0112171,0.014506,0.718448,0.695339,
49.146090000,243.225,-28.3956,1.86978,-0.0120183,0.00705641,0.721593,0.692177,
49.664690000,243.996,-24.6812,1.71074,-0.0117884,0.0053963,0.71944,0.694433,
50.183129999,242.553,-20.8864,1.51293,-0.00763798,0.0098148,0.715227,0.698782,
50.701309999,242.135,-17.1245,1.57842,-0.00964069,0.0136891,0.716535,0.69735,
51.219639999,241.966,-12.7709,1.61015,-0.00974011,0.0081525,0.72387,0.68982,
51.738100000,241.894,-8.88589,1.18957,-0.0170342,0.00393093,0.730307,0.682896,
52.256549999,241.934,-4.86582,1.24055,-0.0227392,-0.00169369,0.731084,0.681906,
52.774999999,240.932,-1.73744,0.898072,-0.0263977,-0.0040918,0.727192,0.685914,
53.293219999,240.647,1.51518,1.13643,-0.0250921,-0.00351742,0.721683,0.69176,
53.811529999,241.527,3.84892,1.1518,-0.0242581,-0.00193693,0.714322,0.699394,
54.329880000,240.918,5.87173,0.734047,-0.0254559,-1.14657e-05,0.705687,0.708067,
54.848059999,241.119,7.2849,1.30428,-0.0220966,0.000735506,0.695493,0.718193,
55.366390000,240.936,8.11858,1.44926,-0.0165495,-0.00104647,0.68908,0.724495,
55.884590000,241.408,8.50738,1.17211,-0.0147578,-0.00198392,0.686796,0.726697,
56.402790000,240.85,8.21022,1.2262,-0.014416,-0.00255285,0.686741,0.726755,
56.920999999,240.827,8.19142,1.32558,-0.0133467,-0.00376461,0.686634,0.726871,
57.439329999,241.506,8.37954,1.23125,-0.0126029,-0.00430514,0.686622,0.726893,
57.957680000,240.944,8.47408,1.44773,-0.0110061,-0.00545691,0.686151,0.727356,
58.475979999,241.052,8.48589,1.1596,-0.00750587,-0.00836221,0.681361,0.731861,
58.994309999,241.22,9.17336,1.40533,-0.00773959,-0.0103105,0.65932,0.751752,
59.513100000,241.455,10.0171,1.16634,-0.00850653,-0.00521496,0.610654,0.791834,
60.032119999,241.875,11.8077,1.33618,-0.0100689,0.00314694,0.523867,0.851735,
60.551000000,243.904,13.7541,1.32401,-0.00832801,0.00515994,0.400686,0.916163,
61.069629999,245.038,15.1035,1.22959,-0.00644071,0.00152396,0.246894,0.96902,
61.587569999,247.306,15.6579,1.39451,-0.00263163,-0.000620887,0.116216,0.99322,
62.104790000,249.943,16.0326,1.23606,0.000343767,0.00186064,0.0367057,0.999324,
62.621740000,254.13,16.5225,1.24061,0.00261284,0.00116755,0.00975005,0.999948,
63.139420000,256.911,16.2645,0.964846,0.00396487,0.00415555,0.00431666,0.999974,
63.657499999,262.158,16.384,0.829179,0.00247132,-0.00267009,0.00699516,0.999969,
64.175970000,266.409,17.1578,1.04677,0.00571599,0.00738127,0.00687247,0.999933,
64.694299999,270.831,17.4402,0.986531,0.00605449,-0.00132051,0.00921111,0.999938,
65.212829999,275.168,18.0693,1.18229,0.00667785,0.00438798,0.0088666,0.999929,
65.627110000,278.8,17.6287,1.1467,0.00929789,0.00363893,0.010695,0.999893,
66.145269999,284.906,18.4008,1.35446,0.0107497,-0.000841407,0.015303,0.999825,
66.559860000,288.69,18.1856,1.30113,0.00767659,0.00622559,0.0179676,0.99979,
66.870959999,292.347,19.1349,1.20761,0.00684926,0.00522719,0.0183636,0.999794,
67.285669999,296.126,19.5765,1.38047,0.00651644,0.00184052,0.0190321,0.999796,
67.596630000,299.393,20.0912,1.25455,0.00353875,0.00470418,0.0178031,0.999824,
68.011290000,303.164,18.9702,1.22633,-0.000707174,0.00639589,0.0168399,0.999837,
68.425939999,308.153,19.9597,1.47768,-0.00626918,0.00175133,0.016638,0.99984,
68.736909999,310.321,19.6361,1.11358,-0.00539919,0.00419991,0.0166179,0.999839,
69.151619999,314.481,19.6958,1.11288,-0.00573342,0.00468235,0.0154892,0.999853,
69.462639999,318.054,20.5453,1.25353,-0.00618469,0.00502245,0.0148401,0.999858,
69.877300000,322.59,21.2158,1.50916,-0.00624122,0.0023047,0.0143769,0.999875,
70.292029999,326.171,21.7784,1.52878,-0.00515307,0.00800988,0.0139524,0.999857,
70.602990000,329.392,21.7909,1.25954,-0.00227084,0.00590359,0.0141988,0.999879,
71.017600000,333.067,21.9324,1.35582,0.00268888,0.00934429,0.014743,0.999844,
71.328429999,336.582,22.4213,1.10858,0.007295,0.00654931,0.0151716,0.999837,
71.743009999,339.944,23.025,1.23352,0.0110179,0.00897065,0.0169312,0.999756,
72.157489999,344.807,23.0363,1.28707,0.0148403,0.0096748,0.0187751,0.999667,
72.468450000,346.598,23.489,1.20607,0.0135731,0.008509,0.0202762,0.999666,
72.883039999,351.078,23.7842,1.39675,0.0110899,0.00822846,0.0213703,0.999676,
73.297870000,354.226,23.2845,1.26794,0.011843,0.00887476,0.018497,0.999719,
73.608900000,356.376,23.5187,0.990805,0.0145142,0.0106152,0.0158334,0.999713,
74.023430000,358.716,23.4747,1.07349,0.0139432,0.0109252,0.0128417,0.999761,
74.334400000,360.687,23.7827,1.07314,0.0134916,0.00701029,0.0110434,0.999823,
74.748859999,363.074,23.8877,0.825742,0.013031,0.00946738,0.0139015,0.999774,
75.059610000,365.609,24.2169,0.765267,0.0122121,0.0054214,0.0272879,0.999538,
75.370050000,366.182,24.3836,0.81779,0.0100133,0.00447041,0.053768,0.998493,
75.783770000,367.975,24.346,1.38764,0.00969587,0.00800779,0.132414,0.991115,
76.197599999,369.452,25.4008,1.36657,0.0056974,0.0131375,0.2277,0.973626,
76.507949999,370.461,25.7373,1.07014,-0.000847223,0.0153287,0.287161,0.957759,
76.818439999,371.621,26.951,1.35191,0.00115103,0.0216123,0.378849,0.925205,
77.232630000,372.414,28.2245,0.97226,0.0129575,0.0266633,0.47027,0.882024,
77.647090000,372.714,30.3158,1.34104,0.0213961,0.0228151,0.614625,0.788199,
77.958590000,372.475,31.8662,1.45645,0.0112506,0.0221986,0.665925,0.745604,
78.374790000,372.159,34.1531,1.85756,-0.00289197,0.0193345,0.723518,0.690029,
78.687370000,371.835,36.3838,1.90074,-0.00200899,0.0106558,0.737402,0.675367,
79.103610000,371.782,39.34,1.69947,0.00358645,0.0105924,0.737417,0.675345,
79.518969999,371.22,42.2602,1.57266,-0.00093311,0.00587126,0.735072,0.677963,
79.830150000,371.353,43.3024,1.36416,-0.00466042,0.003757,0.730445,0.682946,
80.244849999,371.698,46.567,1.17279,-0.0067875,0.00284716,0.725544,0.688136,
80.659450000,370.718,50.7348,1.12928,-0.0100026,0.0104678,0.721748,0.692005,
80.970420000,371.159,52.434,0.764909,-0.0102556,0.00816812,0.719161,0.69472,
81.385030000,371.081,56.5969,0.927313,-0.00875979,0.0081798,0.71873,0.695186,
81.695849999,371.184,58.5321,0.575227,-0.011142,0.00770295,0.719951,0.693892,
82.110320000,370.448,62.4437,0.551746,-0.0114835,0.00619337,0.721749,0.692032,
82.525019999,369.862,65.7458,0.645505,-0.0149333,0.00825939,0.726505,0.686949,
82.836140000,369.727,68.8872,0.700351,-0.0151467,0.00298854,0.728898,0.684448,
83.250969999,369.652,72.229,0.301756,-0.0149383,0.00533524,0.730144,0.683109,
83.561980000,369.25,74.9067,0.241385,-0.0154598,0.00111962,0.727368,0.686073,
83.976709999,368.971,77.7748,-0.0107168,-0.0184915,0.00264667,0.720474,0.69323,
84.391159999,368.186,80.4731,-0.166209,-0.0166907,0.00138576,0.713094,0.700869,
84.702119999,368.198,83.7679,-0.119468,-0.016919,0.00200863,0.707951,0.706056,
85.116699999,368.45,86.5619,-0.22152,-0.0169829,0.00579508,0.702485,0.711472,
85.427750000,368.342,89.0204,-0.281828,-0.0126821,0.00718957,0.700616,0.71339,
85.842510000,369.257,92.0329,-0.10431,-0.00817879,0.00962693,0.701559,0.712499,
86.153189999,368.997,93.702,-0.174148,-0.00789392,0.013455,0.705931,0.708109,
86.567779999,369.186,95.3223,-0.113618,-0.00562471,0.0126816,0.71548,0.698496,
86.982510000,368.813,97.675,0.595372,-0.00483717,0.010316,0.725525,0.688101,
87.293639999,367.889,99.7244,0.62967,-0.00180226,0.00742786,0.732052,0.681205,
87.708320000,367.472,101.801,0.30599,-0.00191738,0.00543571,0.739062,0.673613,
88.123029999,367.735,105.029,0.268257,-0.0037168,0.000487169,0.742695,0.66962,
88.434330000,367.285,107.022,0.00472401,-0.00549311,0.00234346,0.74263,0.669676,
88.848889999,366.772,109.907,-0.208437,-0.0203262,0.00948867,0.740776,0.671377,
89.159790000,366.766,112.396,-0.0451746,-0.0133932,-0.00421201,0.737004,0.675742,
89.574489999,367.364,114.806,-0.226147,-0.0200494,0.00614492,0.731391,0.681636,
89.885589999,365.975,117.964,-0.323531,-0.0155611,-0.00691978,0.727671,0.685715,
90.300449999,365.262,121.856,-0.260553,-0.0149575,-0.0125767,0.718369,0.695387,
90.611400000,365.22,124.827,-0.263871,-0.0130079,-0.00469304,0.711415,0.702636,
91.025980000,365.604,128.972,-0.51666,-0.0122747,-0.000928892,0.70444,0.709657,
91.336839999,365.231,131.772,-0.23788,-0.0119356,0.00157339,0.704789,0.709314,
91.751300000,365.658,135.963,-0.45116,-0.0111576,0.00217192,0.708742,0.705376,
92.165880000,365.556,139.894,-0.416672,-0.00768684,0.00777472,0.713886,0.700176,
92.476860000,365.316,143.25,-0.557386,-0.00970908,0.00219099,0.716142,0.697883,
92.787829999,364.853,146.283,-0.672155,-0.00918,0.00199265,0.718247,0.695725,
93.202160000,364.421,149.535,-0.985267,-0.0114465,0.00982991,0.721152,0.692612,
93.616749999,363.966,153.727,-0.838879,-0.00942711,0.00659842,0.723895,0.689815,
93.927850000,363.423,156.594,-1.05835,-0.011289,0.0126738,0.728073,0.685289,
94.238820000,364.605,159.291,-0.571862,-0.0141943,0.00885239,0.72788,0.6855,
94.653649999,363.623,162.864,-0.942481,-0.0116644,0.00518086,0.725073,0.688554,
94.964650000,363.083,165.114,-0.893273,-0.0146221,0.0121756,0.723909,0.689633,
95.379210000,362.264,169.113,-0.776268,-0.0145332,0.00965559,0.722732,0.690909,
95.690200000,362.792,171.128,-0.916526,-0.0133894,0.0115738,0.72264,0.690998,
96.104780000,363.57,173.729,-1.11343,-0.00896061,0.0172342,0.723165,0.690402,
96.415649999,362.986,175.929,-1.20874,-0.00725008,0.0131873,0.725566,0.687988,
96.830259999,362.658,178.313,-1.27995,-0.0100307,0.0094784,0.730494,0.68278,
97.141139999,362.56,180.579,-0.988463,-0.0103928,0.0114367,0.740234,0.672172,
97.555019999,362.287,182.678,-1.04343,-0.00676609,0.0115706,0.77189,0.635615,
97.865260000,361.26,184.716,-1.25546,-0.00609634,0.012948,0.809737,0.586619,
98.278710000,360.094,186.49,-1.46526,-0.00505944,0.0149472,0.870884,0.491235,
98.589190000,359.619,187.759,-0.6463,-0.00754871,0.0145807,0.898829,0.437992,
99.003280000,357.699,189.438,-0.457433,-0.00942307,0.0124115,0.957101,0.289334,
99.314239999,355.803,189.662,-1.52872,-0.0115781,0.013372,0.986884,0.16046,
99.729529999,353.844,189.661,-1.22764,-0.0108814,0.0128727,0.996615,0.0804659,
100.249899999,350.742,189.735,-1.31758,-0.00882086,0.0108011,0.999308,0.034487,
100.769499999,347.356,189.661,-1.42963,4.31576e-05,-0.0120249,-0.999635,0.024212,
101.288399999,342.798,189.392,-1.02435,-0.000122216,-0.00830551,-0.998826,0.0477315,
101.806899999,339.842,188.743,-1.36254,0.00316377,-0.00479946,-0.998208,0.0595708,
102.325599999,335.123,187.981,-1.19595,0.000278117,-0.00110259,-0.998232,0.0594198,
102.947599999,330.039,186.768,-1.49804,0.00617044,0.00354428,-0.998604,0.0523301,
103.466499999,325.477,186.956,-1.16422,0.00868524,0.00556759,-0.998839,0.0470614,
103.984099999,320.844,185.971,-1.54392,0.00706826,0.00626182,-0.999036,0.0428612,
104.502300000,316.049,184.224,-1.34954,0.00850634,0.014266,-0.999177,0.0370098,
105.020600000,310.953,184.243,-1.77238,0.0120868,0.00747915,-0.999365,0.0326643,
105.538899999,306.191,183.433,-0.96784,0.00467707,0.0102294,-0.99932,0.0351173,
106.057599999,301.522,183.716,-1.72145,0.0055125,0.0109019,-0.999384,0.0329047,
106.575599999,297.495,183.382,-1.51953,0.00477336,0.0102603,-0.99958,0.0266703,
107.093900000,292.344,182.736,-0.743728,0.00394673,0.00455836,-0.99958,0.0283399,
107.612200000,288.538,183.703,-1.0806,0.00432252,0.00493128,-0.999271,0.037612,
108.130799999,283.685,182.77,-1.56869,0.000754472,0.00161015,-0.999199,0.039975,
108.649299999,279.351,181.823,-1.75166,0.0067735,0.00185143,-0.999303,0.0366742,
109.167799999,273.727,181.34,-1.19873,0.0104497,-0.000422072,-0.999474,0.0307121,
109.685699999,268.859,181.463,-1.6191,0.0113024,-0.000272943,-0.99931,0.0353672,
110.204300000,264.166,181.626,-1.4291,0.00535166,0.000791946,-0.999233,0.0387768,
110.723200000,259.291,181.517,-1.20573,0.000616471,0.00193619,-0.99903,0.0439851,
111.241600000,253.795,181.06,-1.67933,0.0105718,-0.00132318,-0.998834,0.0470951,
111.760099999,249.33,179.866,-1.17684,0.00296738,-0.00518523,-0.999056,0.0430248,
112.278300000,244.416,179.377,-1.19989,0.0059575,-0.00660517,-0.999202,0.038928,
112.796499999,239.969,179.277,-1.02564,0.00983557,-0.00970728,-0.999252,0.0361038,
113.314700000,235.28,179.136,-0.963629,0.00707495,-0.0124072,-0.999269,0.0354543,
113.625699999,233.351,178.624,-1.02626,0.00260977,-0.00730159,-0.999488,0.0310369,
114.040000000,228.995,178.714,-1.21792,0.00805853,-0.00323557,-0.999699,0.0229487,
114.454300000,226.394,178.946,-1.09945,0.00893604,-0.00345429,-0.999824,0.0161447,
114.765199999,223.969,178.62,-1.11387,0.00837504,-0.00692876,-0.99983,0.0148935,
115.179699999,222.203,177.525,-0.886101,0.00747693,-0.01153,-0.999649,0.022632,
115.490399999,220.918,177.985,-1.53612,0.0077053,-0.0118313,-0.999153,0.0386553,
115.904300000,219.101,176.887,-1.02289,0.00444402,-0.0138892,-0.99623,0.0855116,
116.317899999,216.983,177.094,-1.00238,0.00468549,-0.0107353,-0.985292,0.170479,
116.835200000,215.551,175.973,-1.22334,0.000274632,-0.00605586,-0.95689,0.290386,
117.352900000,213.013,174.067,-1.04512,0.0043495,-0.00768379,-0.912941,0.407996,
117.870999999,212.367,171.534,-1.11943,-0.00306587,-0.0106886,-0.849521,0.527438,
118.597499999,211.614,166.805,-0.823246,-0.00589094,4.96543e-05,-0.746008,0.665911,
119.325100000,211.706,161.644,-0.444691,-0.00698985,-0.000553262,-0.727488,0.686085,
120.051500000,211.679,156.736,-0.311953,-0.00368449,-0.00526272,-0.721356,0.692535,
120.673400000,211.547,152.422,-0.237719,-0.00538728,-0.00792393,-0.717678,0.696309,
121.398799999,211.915,145.408,0.394899,0.00366405,-0.00915143,-0.71003,0.704102,
122.124499999,211.69,139.322,-0.23625,-0.00159,-0.0084816,-0.697329,0.716699,
122.746799999,212.619,134.288,0.40402,-0.00338911,-0.000537566,-0.693652,0.720302,
123.472399999,213.058,127.752,0.51134,-0.0130765,0.0038404,-0.69754,0.716416,
124.198099999,213.728,122.264,0.460039,-0.0171301,0.00632844,-0.707863,0.706114,
124.923900000,213.883,118.333,0.868864,-0.0156553,-0.00135897,-0.722375,0.691323,
125.545699999,213.857,114.833,0.965027,-0.00762547,0.00513289,-0.727685,0.68585,
126.270899999,214.083,110.707,0.826554,-0.00323199,-0.00788231,-0.703935,0.710214,
126.995699999,214.899,106.204,1.29653,-0.00175353,-0.00513732,-0.628228,0.778011,
127.616799999,216.624,103.679,0.847568,-0.00234258,-0.00555333,-0.507623,0.861558,
128.238599999,219.266,101.827,1.36791,0.00417999,-0.00932423,-0.364357,0.931203,
128.757000000,221.146,100.925,1.36059,0.0018192,-0.00988365,-0.233957,0.972195,
129.276000000,223.041,99.5378,1.38909,-0.0163534,-0.00120543,-0.150514,0.988472,
129.795999999,225.547,99.4988,1.56804,-0.023306,-0.000713559,-0.146535,0.988931,
130.316000000,228.125,99.1193,1.74987,-0.0189417,-0.00307665,-0.172124,0.984888,
130.836500000,230.063,97.5965,1.63424,-0.000122737,0.00200615,-0.265255,0.964176,
131.356799999,231.949,95.5917,1.74041,-0.0126942,-0.0019444,-0.40128,0.915866,
131.875699999,232.936,94.5966,1.86134,-0.00254882,-0.00597379,-0.529644,0.848195,
132.497099999,234.435,92.0881,1.74796,-0.00173075,-0.00145713,-0.637109,0.770771,
133.117899999,234.856,88.9303,1.93377,-0.00746004,-0.00819063,-0.689409,0.724288,
133.842500000,235.342,85.0878,1.5761,-0.000893819,-0.0102788,-0.70819,0.705947,
134.464400000,234.891,80.5228,1.62336,-0.00435668,-0.010892,-0.712183,0.701896,
135.189899999,236.26,76.1815,1.49879,-0.00363922,-0.00868106,-0.718148,0.695826,
135.915400000,235.471,70.2343,1.49458,-0.00620419,-0.0118881,-0.722457,0.691286,
136.537399999,236.106,65.3127,1.77565,-0.000323994,-0.0121827,-0.721152,0.692669,
137.263200000,237.183,59.4036,1.90309,-0.00220592,-0.0142944,-0.71514,0.698831,
137.885300000,237.118,54.6153,1.97583,-0.00508871,-0.0150839,-0.711503,0.702503,
138.610700000,237.882,47.8369,1.94959,0.00207318,-0.0161374,-0.711236,0.702765,
139.336199999,238.289,42.5276,2.5339,0.00168542,-0.0152949,-0.708063,0.705982,
139.958400000,237.998,38.1253,2.25837,0.00129205,-0.0118756,-0.705715,0.708395,
140.683699999,238.638,34.0022,2.82067,-0.00607736,-0.00626194,-0.705666,0.708491,
141.305499999,238.582,30.3165,2.65961,-0.00587399,-0.00732057,-0.708897,0.705249,
141.823700000,239.05,26.71,2.81355,-0.00526005,-0.00368692,-0.71771,0.696312,
142.445799999,239.246,23.9979,2.60674,-0.00380334,-0.00470996,-0.735299,0.677716,
142.964300000,239.286,22.4464,2.60864,-0.000664829,-0.00471339,-0.753636,0.657275,
143.482699999,238.884,20.9018,2.6096,0.00483919,-0.00698044,-0.772973,0.634382,
144.000900000,239.153,19.8937,2.59127,0.00266653,-0.00953822,-0.79317,0.60892,
144.622899999,237.933,19.6391,2.64403,0.00426368,-0.0115892,-0.819345,0.573168,
145.141500000,237.85,19.0071,2.89017,-0.00283969,-0.0134466,-0.847778,0.530174,
145.660599999,236.959,17.8887,2.65929,-0.00252001,-0.0142386,-0.893889,0.448055,
146.283299999,235.4,16.3282,2.58626,-0.00620985,-0.0101249,-0.95182,0.306426,
146.801700000,233.542,15.5607,2.64174,-0.00782619,-0.0116846,-0.986783,0.161436,
147.319400000,230.522,15.1855,2.52987,-0.000992086,-0.0151137,-0.998732,0.0480016,
147.836500000,227.179,14.7077,2.42218,0.000598526,-0.0147279,-0.999882,-0.00422377,
148.353700000,223.22,15.0166,2.24455,-0.00353143,0.0190403,0.999474,0.0260008,
148.871299999,218.482,14.5126,2.28694,-0.00373534,0.0215845,0.999373,0.0277991,
149.389299999,213.375,14.402,2.49986,-0.000572292,0.0256293,0.999392,0.0236391,
149.907299999,207.719,14.438,2.33556,-0.000981648,0.0230908,0.999624,0.0147306,
150.425700000,202.913,13.6422,2.66528,-0.00233909,0.0249551,0.99965,0.00847813,
150.943700000,197.617,13.5894,2.70958,-0.002403,0.0237172,0.999705,0.00468251,
151.461999999,190.867,13.4818,2.52564,-0.00365922,0.0230122,0.99972,0.00414935,
151.980299999,185.197,12.4737,2.36975,-0.00333924,0.0200845,0.999763,0.00765363,
152.498500000,179.373,12.4747,2.26734,-0.0073321,0.0215379,0.999672,0.011742,
152.913099999,174.611,11.9661,2.35888,-0.00463717,0.0252089,0.999561,0.0148921,
153.327599999,169.479,12.264,2.33604,-0.00487158,0.0237532,0.999562,0.0169543,
153.742199999,164.88,11.0758,2.83603,-0.00241043,0.023076,0.999577,0.0175192,
154.156700000,159.893,11.3538,2.6034,-0.00489139,0.0244506,0.999545,0.0169918,
154.467399999,155.755,11.2097,2.52437,-0.00394519,0.0258221,0.999527,0.0162132,
154.881799999,150.839,10.4953,2.47344,-0.00498631,0.0250313,0.999562,0.0149692,
155.296099999,145.837,10.9241,2.46123,-0.00559965,0.0253671,0.999575,0.0132134,
155.606799999,141.195,10.0194,2.46226,-0.00525272,0.0254057,0.999587,0.0123322,
156.021399999,136.471,9.94271,2.62568,-0.00855603,0.0232329,0.999633,0.0110387,
156.436000000,131.583,10.0486,2.44325,-0.00925922,0.0240983,0.999624,0.00921285,
156.746800000,127.593,9.01046,2.36639,-0.0107727,0.0262278,0.999564,0.00828682,
157.161399999,122.913,8.36255,2.18862,-0.00799406,0.0266136,0.999579,0.00830154,
157.472399999,119.754,8.87706,2.30583,-0.0080368,0.0257312,0.999594,0.00923879,
157.886799999,115.019,8.32549,2.10575,-0.00749563,0.0251943,0.99959,0.0113623,
158.197900000,111.86,7.81585,2.0277,-0.00652477,0.0254273,0.99957,0.0130409,
158.612699999,108.033,7.52517,1.84704,-0.00781244,0.0243508,0.999552,0.0155767,
159.027199999,104.308,6.95447,1.76817,-0.00988375,0.0241188,0.999495,0.0181688,
159.338300000,101.691,6.8276,1.54614,-0.0123013,0.0269586,0.999397,0.0180966,
159.752399999,98.9125,6.83196,1.88462,-0.0126671,0.0340348,0.999337,-0.00270077,
160.062900000,96.801,6.34316,1.72379,0.0125451,-0.0369865,-0.998458,0.0394435,
160.476599999,94.7337,5.7938,1.68516,0.0105901,-0.0316718,-0.991287,0.127414,
160.787100000,93.6193,4.64648,1.96163,0.0104081,-0.0210322,-0.977882,0.207836,
161.201400000,91.8348,3.80633,1.92725,0.0116341,-0.00659536,-0.951046,0.308761,
161.719799999,88.9566,1.16864,1.94927,0.011226,-0.00571536,-0.89291,0.450058,
162.237599999,88.7946,-1.35321,2.02653,0.0086782,-0.00415953,-0.816755,0.576904,
162.756499999,87.9876,-3.60236,2.34435,0.00261718,-0.00385581,-0.766212,0.642571,
163.276199999,87.8799,-6.91242,1.80012,-0.000983443,-0.00991458,-0.724752,0.688937,
163.795700000,87.7582,-9.69066,1.57074,0.0040996,-0.0107635,-0.717637,0.696322,
164.314400000,87.7664,-13.2102,1.5977,0.00819083,-0.0151388,-0.717091,0.696767,
164.832600000,87.9688,-17.2979,1.53285,0.0148941,-0.0220277,-0.709767,0.703935,
165.350799999,88.696,-21.3975,1.44213,0.0144205,-0.0203049,-0.692199,0.721277,
165.869100000,89.4542,-25.7337,1.66343,0.00414694,-0.0138193,-0.680581,0.732531,
